id,first_name,last_name,email
1,Michael,P,michael.p@example.com
2,Shawn,M,shawn.m@example.com
3,Kathleen,P,kathleen.p@example.com
4,Jimmy,C,jimmy.c@example.com
5,Katherine,R,katherine.r@example.com
6,Sarah,R,sarah.r@example.com
7,Martin,M,martin.m@example.com
8,Frank,R,frank.r@example.com
9,Jennifer,F,jennifer.f@example.com
10,Henry,W,henry.w@example.com
11,Fred,S,fred.s@example.com
12,Amy,D,amy.d@example.com
13,Kevin,M,kevin.m@example.com
14,Marilyn,M,marilyn.m@example.com
15,Christina,R,christina.r@example.com
16,Jacqueline,R,jacqueline.r@example.com
17,Shirley,K,shirley.k@example.com
18,Todd,H,todd.h@example.com
19,Simon,J,simon.j@example.com
20,Kimberly,R,kimberly.r@example.com
